<!--~~~~~~~~~~~~~~~~~~~~~~~~~~~~~~~~~~~~~~~~~~~~~~~~~~~~~~~~~~~~~~~~~~~~~~~~~~~~
  ~ Copyright (c) 2012 McAfee Inc. -  All Rights Reserved.
  ~~~~~~~~~~~~~~~~~~~~~~~~~~~~~~~~~~~~~~~~~~~~~~~~~~~~~~~~~~~~~~~~~~~~~~~~~~~-->

<!-- custom properties xml for VSE custom properties props -->
<epo:PropertiesSchema xmlns:epo="http://www.mcafee.com/schemas/epo"
                      xmlns:xsi="http://www.w3.org/2001/XMLSchema-instance">
    <Table name="VSECustomProps">
		<Fields>
			<Field default="None" name="OASArtemisLevel" type="nvarchar" size="3000"/>
            <Field default="None" name="EmailArtemisLevel" type="nvarchar" size="3000"/>
            <Field default="None" name="ODSArtemisLevel" type="nvarchar" size="3000"/>
            <Field default="None" name="MachineType" type="nvarchar" size="3000"/>
            <Field default="None" name="VSEHotfixes" type="nvarchar" size="3000"/>
            <Field default="None" name="OASEnabled" type="nvarchar" size="3000"/>
            <Field default="None" name="APEnabled" type="nvarchar" size="3000"/>
            <Field default="None" name="EnhancedSPEnabled" type="nvarchar" size="3000"/>
		</Fields>
		<Mappings>
		    <Section name="On-Access General">
				<Setting name="dwHeuristicNetCheckSensitivity" field="OASArtemisLevel"/>
			</Section>
			<Section name="Email General">
				<Setting name="dwHeuristicNetCheckSensitivity" field="EmailArtemisLevel"/>
			</Section>
			<Section name="On-Demand General">
				<Setting name="dwHeuristicNetCheckSensitivity" field="ODSArtemisLevel"/>
			</Section>
             <Section name="General">
                <Setting name="MachineType" field="MachineType"/>
			</Section>
            <Section name="General">
                <Setting name="Fixes" field="VSEHotfixes"/>
            </Section>
            <Section name="On-Access General">
                <Setting name="bEnabled" field="OASEnabled"/>
            </Section>
            <Section name="Access Protection">
                <Setting name="APEnabled" field="APEnabled"/>
            </Section>
            <Section name="Access Protection">
                <Setting name="bSPEnabled" field="EnhancedSPEnabled"/>
            </Section>
        </Mappings>
	</Table>    
</epo:PropertiesSchema>
