﻿<?xml version="1.0" encoding="UTF-8"?>
<epo:EPOPolicySchema xmlns:epo="mcafee-epo-policy" xmlns:xsi="http://www.w3.org/2001/XMLSchema-instance">
	<EPOPolicyVerInfo vermjr="4" vermin="0" verbld="0" verrel="0"></EPOPolicyVerInfo>
	<EPOPolicyLocaleString token="VIRUSCAN8800">
        <Translation codepage="1033">VirusScan Enterprise</Translation>
        <Translation codepage="1031">VirusScan Enterprise</Translation>
		<Translation codepage="1034">VirusScan Enterprise</Translation>
		<Translation codepage="1036">VirusScan Enterprise</Translation>
		<Translation codepage="1041">VirusScan Enterprise</Translation>
		<Translation codepage="1042">VirusScan Enterprise</Translation>
		<Translation codepage="2052">VirusScan Enterprise</Translation>
		<Translation codepage="1028">VirusScan Enterprise</Translation>
		<Translation codepage="1049">VirusScan Enterprise</Translation>
    </EPOPolicyLocaleString>
    <EPOPolicyLocaleString token="VSC700_General_Policies">
        <Translation codepage="1033">On-Access General Policies</Translation>
		<Translation codepage="1031">Allgemeine Richtlinien bei Zugriff</Translation>
		<Translation codepage="1034">Directivas generales en tiempo real</Translation>
		<Translation codepage="1036">Stratégies générales de l'analyse à l'accès</Translation>
		<Translation codepage="1041">オンアクセス スキャンの全般ポリシー</Translation>
		<Translation codepage="1042">온액세스 일반 정책</Translation>
		<Translation codepage="2052">按访问扫描常规策略</Translation>
		<Translation codepage="1028">常駐掃描一般原則</Translation>
		<Translation codepage="1049">Общие политики сканирования при доступе</Translation>
    </EPOPolicyLocaleString>
    <EPOPolicyLocaleString token="VSC700_DefaultScan_Policies">
        <Translation codepage="1033">On-Access Default Processes Policies</Translation>
		<Translation codepage="1031">Richtlinien bei Zugriff für Standardvorgänge</Translation>
		<Translation codepage="1034">Directivas de procesos predeterminados en tiempo real</Translation>
		<Translation codepage="1036">Stratégies des processus d'analyse à l'accès par défaut</Translation>
		<Translation codepage="1041">オンアクセス スキャンのデフォルトプロセス ポリシー</Translation>
		<Translation codepage="1042">온액세스 기본 프로세스 정책</Translation>
		<Translation codepage="2052">按访问扫描默认进程策略</Translation>
		<Translation codepage="1028">常駐掃描預設處理程序原則</Translation>
		<Translation codepage="1049">Политики сканирования при доступе для процессов по умолчанию</Translation>
    </EPOPolicyLocaleString>
    <EPOPolicyLocaleString token="VSC700_TrustedScan_Policies">
        <Translation codepage="1033">On-Access Low-Risk Processes Policies</Translation>
        <Translation codepage="1031">Richtlinien bei Zugriff für Vorgänge mit geringem Risiko</Translation>
		<Translation codepage="1034">Directivas de procesos de bajo riesgo en tiempo real</Translation>
		<Translation codepage="1036">Stratégies des processus d'analyse à l'accès à faible risque</Translation>
		<Translation codepage="1041">オンアクセス スキャンの危険度低プロセス ポリシー</Translation>
		<Translation codepage="1042">온액세스 저위험 프로세스 정책</Translation>
		<Translation codepage="2052">按访问扫描低风险进程策略</Translation>
		<Translation codepage="1028">常駐掃描低風險處理程序原則</Translation>
		<Translation codepage="1049">Политики сканирования при доступе для процессов низкого риска</Translation>
    </EPOPolicyLocaleString>
    <EPOPolicyLocaleString token="VSC700_UntrustedScan_Policies">
        <Translation codepage="1033">On-Access High-Risk Processes Policies</Translation>
        <Translation codepage="1031">Richtlinien bei Zugriff für Vorgänge mit hohem Risiko</Translation>
		<Translation codepage="1034">Directivas de procesos de alto riesgo en tiempo real</Translation>
		<Translation codepage="1036">Stratégies des processus d'analyse à l'accès à haut risque</Translation>
		<Translation codepage="1041">オンアクセス スキャンの危険度高プロセス ポリシー</Translation>
		<Translation codepage="1042">온액세스 고위험 프로세스 정책</Translation>
		<Translation codepage="2052">按访问扫描高风险进程策略</Translation>
		<Translation codepage="1028">常駐掃描高風險處理程序原則</Translation>
		<Translation codepage="1049">Политики сканирования при доступе для процессов высокого риска</Translation>
    </EPOPolicyLocaleString>
    <EPOPolicyLocaleString token="VSC700_EmailScan_Policies">
        <Translation codepage="1033">On Delivery Email Scan Policies</Translation>
        <Translation codepage="1031">Richtlinien für E-Mail-Scan bei Empfang</Translation>
		<Translation codepage="1034">Directivas de análisis del correo durante recepción</Translation>
		<Translation codepage="1036">Stratégies d'analyse des e-mails à la remise</Translation>
		<Translation codepage="1041">配信時の電子メール スキャンのポリシー</Translation>
		<Translation codepage="1042">배달 시 전자 메일 검색 정책</Translation>
		<Translation codepage="2052">发送时电子邮件扫描策略</Translation>
		<Translation codepage="1028">電子郵件傳遞時掃描原則</Translation>
		<Translation codepage="1049">Политики сканирования электронной почты при доставке</Translation>
    </EPOPolicyLocaleString>
    <EPOPolicyLocaleString token="VSC700_Interface_Policies">
        <Translation codepage="1033">General Options Policies</Translation>
        <Translation codepage="1031">Richtlinien für allgemeine Optionen</Translation>
		<Translation codepage="1034">Directivas de opciones generales</Translation>
		<Translation codepage="1036">Stratégies relatives aux options générales</Translation>
		<Translation codepage="1041">全般オプションのポリシー</Translation>
		<Translation codepage="1042">일반 옵션 정책</Translation>
		<Translation codepage="2052">常规选项策略</Translation>
		<Translation codepage="1028">一般選項原則</Translation>
		<Translation codepage="1049">Политики с общими параметрами</Translation>
    </EPOPolicyLocaleString>
    <EPOPolicyLocaleString token="VSC700_Alert_Policies">
        <Translation codepage="1033">Alert Policies</Translation>
        <Translation codepage="1031" >Warnungsrichtlinien</Translation>
        <Translation codepage="1034" >Directivas de alerta</Translation>
        <Translation codepage="1036" >Stratégies des alertes</Translation>
        <Translation codepage="1041" >アラート ポリシー</Translation>
        <Translation codepage="1042" >경고 정책</Translation>
        <Translation codepage="2052" >警报策略</Translation>
        <Translation codepage="1028" >警示原則</Translation>
        <Translation codepage="1049">Политики оповещений</Translation>
    </EPOPolicyLocaleString>
    <EPOPolicyLocaleString token="VSC700_BehaviorBlock_Policies">
        <Translation codepage="1033">Access Protection Policies</Translation>
        <Translation codepage="1031">Richtlinien für den Zugriffsschutz</Translation>
		<Translation codepage="1034">Directivas de protección de acceso</Translation>
		<Translation codepage="1036">Stratégies de protection lors de l'accès</Translation>
		<Translation codepage="1041">アクセス保護ポリシー</Translation>
		<Translation codepage="1042">액세스 보호 정책</Translation>
		<Translation codepage="2052">访问保护策略</Translation>
		<Translation codepage="1028">存取保護原則</Translation>
		<Translation codepage="1049">Политики защиты доступа</Translation>
    </EPOPolicyLocaleString>
    <EPOPolicyLocaleString token="VSC700_BufferOverflow_Policies">
		<Translation codepage="1033">Buffer Overflow Protection Policies</Translation>
		<Translation codepage="1031">Richtlinie für den Pufferüberlaufschutz</Translation>
		<Translation codepage="1034">Directivas de protección contra desbordamiento del búfer</Translation>
		<Translation codepage="1036">Stratégies de protection en cas de Buffer Overflow</Translation>
		<Translation codepage="1041">バッファ オーバーフロー保護ポリシー</Translation>
		<Translation codepage="1042">버퍼 오버플로 보호 정책</Translation>
		<Translation codepage="2052">缓冲区溢出保护策略</Translation>
		<Translation codepage="1028">緩衝區溢位保護原則</Translation>
		<Translation codepage="1049">Политики защиты от переполнения буфера</Translation>
    </EPOPolicyLocaleString>
    <EPOPolicyLocaleString token="VSC700_NonVirus_Policies">
        <Translation codepage="1033">Unwanted Programs Policies</Translation>
        <Translation codepage="1031">Richtlinie für unerwünschte Programme</Translation>
		<Translation codepage="1034">Directivas de programas no deseados.</Translation>
		<Translation codepage="1036">Stratégies contre les programmes indésirables</Translation>
		<Translation codepage="1041">不審なプログラム ポリシー</Translation>
		<Translation codepage="1042">원하지 않는 프로그램 정책</Translation>
		<Translation codepage="2052">有害程序策略</Translation>
		<Translation codepage="1028">無用程式原則</Translation>
		<Translation codepage="1049">Политики для нежелательных программ</Translation>
    </EPOPolicyLocaleString>
    <EPOPolicyLocaleString token="VSC700_Quarantine_Policies">
        <Translation codepage="1033">Quarantine Manager Policies</Translation>
        <Translation codepage="1031">Quarantine Manager-Richtlinien</Translation>
        <Translation codepage="1034">Directivas del Quarantine Manager</Translation>
        <Translation codepage="1036">Stratégies du Quarantine Manager</Translation>
        <Translation codepage="1041">Quarantine Manager のポリシー</Translation>
        <Translation codepage="1042">Quarantine Manager 정책</Translation>
        <Translation codepage="2052">Quarantine Manager 策略</Translation>
        <Translation codepage="1028">Quarantine Manager 原則</Translation>
        <Translation codepage="1049">Политики Quarantine Manager</Translation>
    </EPOPolicyLocaleString>

    <!-- ** VSE Policy Type definitions -->
    <EPOPolicyType featureid="VIRUSCAN8800" categoryid="VSC700_General_Policies" typeid="VSC700_General_Policies" singleton="true" legacy="true"></EPOPolicyType>
    <EPOPolicyType featureid="VIRUSCAN8800" categoryid="VSC700_DefaultScan_Policies" typeid="VSC700_DefaultScan_Policies" singleton="true" legacy="true"></EPOPolicyType>
    <EPOPolicyType featureid="VIRUSCAN8800" categoryid="VSC700_TrustedScan_Policies" typeid="VSC700_TrustedScan_Policies" singleton="true" legacy="true"></EPOPolicyType>
    <EPOPolicyType featureid="VIRUSCAN8800" categoryid="VSC700_UntrustedScan_Policies" typeid="VSC700_UntrustedScan_Policies" singleton="true" legacy="true"></EPOPolicyType>
    <EPOPolicyType featureid="VIRUSCAN8800" categoryid="VSC700_EmailScan_Policies" typeid="VSC700_EmailScan_Policies" singleton="true" legacy="true"></EPOPolicyType>
    <EPOPolicyType featureid="VIRUSCAN8800" categoryid="VSC700_Interface_Policies" typeid="VSC700_Interface_Policies" singleton="true" legacy="true"></EPOPolicyType>
    <EPOPolicyType featureid="VIRUSCAN8800" categoryid="VSC700_Alert_Policies" typeid="VSC700_Alert_Policies" singleton="true" legacy="true"></EPOPolicyType>
    <EPOPolicyType featureid="VIRUSCAN8800" categoryid="VSC700_BehaviorBlock_Policies" typeid="VSC700_BehaviorBlock_Policies" singleton="true" legacy="true"></EPOPolicyType>
    <EPOPolicyType featureid="VIRUSCAN8800" categoryid="VSC700_BufferOverflow_Policies" typeid="VSC700_BufferOverflow_Policies" singleton="true" legacy="true"></EPOPolicyType>
    <EPOPolicyType featureid="VIRUSCAN8800" categoryid="VSC700_NonVirus_Policies" typeid="VSC700_NonVirus_Policies" singleton="true" legacy="true"></EPOPolicyType>
    <EPOPolicyType featureid="VIRUSCAN8800" categoryid="VSC700_Quarantine_Policies" typeid="VSC700_Quarantine_Policies" singleton="true" legacy="true"></EPOPolicyType>

    <!-- ** VSE Policy Type URLs -->
    <EPOPolicyProduct productcode="VIRUSCAN8800">
		<PolicyType
			featureid="VIRUSCAN8800"
			categoryid="VSC700_General_Policies"
			typeid="VSC700_General_Policies"
			editurl="EditOASGeneralPolicy.do"
			legacyui="false"></PolicyType>
		<PolicyType
			featureid="VIRUSCAN8800"
			categoryid="VSC700_DefaultScan_Policies"
			typeid="VSC700_DefaultScan_Policies"
			editurl="EditOASDefaultPolicy.do"
			legacyui="false"></PolicyType>
		<PolicyType
			featureid="VIRUSCAN8800"
			categoryid="VSC700_TrustedScan_Policies"
			typeid="VSC700_TrustedScan_Policies"
			editurl="EditOASLowRiskPolicy.do"
			legacyui="false"></PolicyType>
		<PolicyType
			featureid="VIRUSCAN8800"
			categoryid="VSC700_UntrustedScan_Policies"
			typeid="VSC700_UntrustedScan_Policies"
			editurl="EditOASHighRiskPolicy.do"
			legacyui="false"></PolicyType>
		<PolicyType
			featureid="VIRUSCAN8800"
			categoryid="VSC700_EmailScan_Policies"
			typeid="VSC700_EmailScan_Policies"
			editurl="EditEmailScanPolicy.do"
			legacyui="false"></PolicyType>
		<PolicyType
			featureid="VIRUSCAN8800"
			categoryid="VSC700_Interface_Policies"
			typeid="VSC700_Interface_Policies"
			editurl="EditUserInterfacePolicy.do"
			legacyui="false"></PolicyType>
		<PolicyType
			featureid="VIRUSCAN8800"
			categoryid="VSC700_Alert_Policies"
			typeid="VSC700_Alert_Policies"
			editurl="EditAlertPolicy.do"
			legacyui="false"></PolicyType>
		<PolicyType
			featureid="VIRUSCAN8800"
			categoryid="VSC700_BehaviorBlock_Policies"
			typeid="VSC700_BehaviorBlock_Policies"
			editurl="EditAccessProtectionPolicy.do"
			legacyui="false"></PolicyType>
		<PolicyType
			featureid="VIRUSCAN8800"
			categoryid="VSC700_BufferOverflow_Policies"
			typeid="VSC700_BufferOverflow_Policies"
			editurl="EditBufferOverflowPolicy.do"
			legacyui="false"></PolicyType>
		<PolicyType
			featureid="VIRUSCAN8800"
			categoryid="VSC700_NonVirus_Policies"
			typeid="VSC700_NonVirus_Policies"
			editurl="EditUnwantedProgramsPolicy.do"
			legacyui="false"></PolicyType>
		<PolicyType
			featureid="VIRUSCAN8800"
			categoryid="VSC700_Quarantine_Policies"
			typeid="VSC700_Quarantine_Policies"
			editurl="EditQuarantinePolicy.do"
			legacyui="false"></PolicyType>
	</EPOPolicyProduct>
	<EPOPolicySettings featureid="VIRUSCAN8800" categoryid="VSC700_General_Policies" typeid="VSC700_General_Policies" name="McAfee Default">
        <Section name="Server_General">
            <Setting name="bDontScanBootSectors" value="0"></Setting>
            <Setting name="bDontScanMBRSectors" value="0"></Setting>
            <Setting name="bScanFloppyOnShutdown" value="0"></Setting>
            <Setting name="ScanProcessesOnEnable" value="0"></Setting>
            <Setting name="WhiteListTrustedInstallers" value="1"></Setting>
            <Setting name="ScannerThreadTimeout" value="45000"></Setting>
            <Setting name="ScannerThreadTimeoutEx" value="45000"></Setting>
            <Setting name="bStartDisabled" value="0"></Setting>
            <Setting name="dwHeuristicNetCheckSensitivity" value="2"></Setting>
            <Setting name="ScanCookies" value="0"></Setting>
            <Setting name="OASEnabled" value="3"></Setting>
       </Section>
       <Section name="Server_ScriptScan">
            <Setting name="ScriptScanEnabled" value="0"></Setting>
       </Section>
       <Section name="Server_ScriptScanExclItems">
            <Setting name="dwScriptScanExclItemCount" value="0"></Setting>
       </Section>
       <Section name="Server_ScriptScanURLExclItems">
            <Setting name="dwScriptScanURLExclItemCount" value="0"></Setting>
       </Section> 
       <Section name="Server_Blocking">
            <Setting name="VSIDSendMessage" value="0"></Setting>
            <Setting name="VSIDMessage" value=""></Setting>
            <Setting name="VSIDBlock" value="1"></Setting>
            <Setting name="VSIDBlockTimeout" value="10"></Setting>
            <Setting name="VSIDBlockOnNonVirus" value="0"></Setting>
       </Section>
       <Section name="Server_Reporting">
            <Setting name="bLogToFile" value="1"></Setting>
            <Setting name="szLogFileName" value="%DEFLOGDIR%\OnAccessScanLog.txt"></Setting>
            <Setting name="bLimitSize" value="1"></Setting>
            <Setting name="dwMaxLogSizeMB" value="1"></Setting>
            <Setting name="bLogDetection" value="1"></Setting>
            <Setting name="bLogSettings" value="0"></Setting>
            <Setting name="bLogClean" value="1"></Setting>
            <Setting name="bLogSummary" value="1"></Setting>
            <Setting name="bLogDelete" value="1"></Setting>
            <Setting name="bLogDateTime" value="1"></Setting>
            <Setting name="bLogMove" value="1"></Setting>
            <Setting name="bLogScanFailure" value="0"></Setting>
            <Setting name="bLogEncryptFails" value="1"></Setting>
            <Setting name="LogFileFormat" value="1"></Setting>
       </Section>
       <Section name="Server_Alerting">
            <Setting name="bShowAlerts" value="1"></Setting>
            <Setting name="bExcludeCookies" value="1"></Setting>
            <Setting name="szDialogMessage" value="VirusScan Alert!"></Setting>
            <Setting name="bRemoveAlerts" value="1"></Setting>
            <Setting name="bCleanFiles" value="1"></Setting>
            <Setting name="bDeleteFiles" value="0"></Setting>
       </Section>
       <Section name="Wrkstn_General">
            <Setting name="bDontScanBootSectors" value="0"></Setting>
            <Setting name="bDontScanMBRSectors" value="0"></Setting>
            <Setting name="bScanFloppyOnShutdown" value="0"></Setting>
            <Setting name="ScanProcessesOnEnable" value="0"></Setting>
            <Setting name="WhiteListTrustedInstallers" value="1"></Setting>
            <Setting name="ScannerThreadTimeout" value="45000"></Setting>
            <Setting name="ScannerThreadTimeoutEx" value="45000"></Setting>
            <Setting name="bStartDisabled" value="0"></Setting>
            <Setting name="dwHeuristicNetCheckSensitivity" value="2"></Setting>
            <Setting name="ScanCookies" value="0"></Setting>
            <Setting name="OASEnabled" value="3"></Setting>
       </Section>
       <Section name="Wrkstn_ScriptScan">
            <Setting name="ScriptScanEnabled" value="1"></Setting>
       </Section>
       <Section name="Wrkstn_ScriptScanExclItems">
            <Setting name="dwScriptScanExclItemCount" value="0"></Setting>
       </Section>
       <Section name="Wrkstn_ScriptScanURLExclItems">
            <Setting name="dwScriptScanURLExclItemCount" value="0"></Setting>
       </Section>

       <Section name="Wrkstn_Blocking">
            <Setting name="VSIDSendMessage" value="0"></Setting>
            <Setting name="VSIDMessage" value=""></Setting>
            <Setting name="VSIDBlock" value="1"></Setting>
            <Setting name="VSIDBlockTimeout" value="10"></Setting>
            <Setting name="VSIDBlockOnNonVirus" value="0"></Setting>
       </Section>
       <Section name="Wrkstn_Reporting">
            <Setting name="bLogToFile" value="1"></Setting>
            <Setting name="szLogFileName" value="%DEFLOGDIR%\OnAccessScanLog.txt"></Setting>
            <Setting name="bLimitSize" value="1"></Setting>
            <Setting name="dwMaxLogSizeMB" value="1"></Setting>
            <Setting name="bLogDetection" value="1"></Setting>
            <Setting name="bLogSettings" value="0"></Setting>
            <Setting name="bLogClean" value="1"></Setting>
            <Setting name="bLogSummary" value="1"></Setting>
            <Setting name="bLogDelete" value="1"></Setting>
            <Setting name="bLogDateTime" value="1"></Setting>
            <Setting name="bLogMove" value="1"></Setting>
            <Setting name="bLogScanFailure" value="0"></Setting>
            <Setting name="bLogEncryptFails" value="1"></Setting>
            <Setting name="LogFileFormat" value="1"></Setting>
       </Section>
       <Section name="Wrkstn_Alerting">
            <Setting name="bShowAlerts" value="1"></Setting>
            <Setting name="bExcludeCookies" value="1"></Setting>
            <Setting name="szDialogMessage" value="VirusScan Alert!"></Setting>
            <Setting name="bRemoveAlerts" value="1"></Setting>
            <Setting name="bCleanFiles" value="1"></Setting>
            <Setting name="bDeleteFiles" value="0"></Setting>
       </Section>
    </EPOPolicySettings>
	<EPOPolicySettings featureid="VIRUSCAN8800" categoryid="VSC700_Alert_Policies" typeid="VSC700_Alert_Policies" name="McAfee Default">
       <Section name="Server_Alert">
            <Setting name="bSendToAlertManagerEmail" value="1"></Setting>
            <Setting name="bSendToAlertManagerOAS" value="1"></Setting>
            <Setting name="bSendToAlertManagerODS" value="1"></Setting>
            <Setting name="bSendToAlertManagerUpdate" value="1"></Setting>
            <Setting name="bSendToAlertManagerAP" value="1"></Setting>
            <Setting name="bSendToAlertManagerNetApp" value="0"></Setting>
            <Setting name="bSendToAlertManagerICAP" value="0"></Setting>
            <Setting name="bSendToAlertManagerVMODS" value="0"></Setting>
            <Setting name="bSendToAlertManagerSAP" value="0"></Setting>            
            <Setting name="AlertType" value="4"></Setting>
            <Setting name="CentralizedAlertingPath" value=""></Setting>
            <Setting name="AlertManagerServerPath" value=""></Setting>
            <Setting name="NoActiveDir" value="1"></Setting>
       </Section>
       <Section name="Server_AlertAdditional">
            <Setting name="SuppressAlertsBelow" value="1"></Setting>
            <Setting name="bLocalEventLog" value="1"></Setting>
            <Setting name="bSendSNMP" value="0"></Setting>
       </Section>
       <Section name="Wrkstn_Alert">
            <Setting name="bSendToAlertManagerEmail" value="1"></Setting>
            <Setting name="bSendToAlertManagerOAS" value="1"></Setting>
            <Setting name="bSendToAlertManagerODS" value="1"></Setting>
            <Setting name="bSendToAlertManagerUpdate" value="1"></Setting>
            <Setting name="bSendToAlertManagerAP" value="1"></Setting>
            <Setting name="bSendToAlertManagerNetApp" value="0"></Setting>
            <Setting name="bSendToAlertManagerICAP" value="0"></Setting>
            <Setting name="bSendToAlertManagerVMODS" value="0"></Setting>
            <Setting name="bSendToAlertManagerSAP" value="0"></Setting>            
            <Setting name="AlertType" value="4"></Setting>
            <Setting name="CentralizedAlertingPath" value=""></Setting>
            <Setting name="AlertManagerServerPath" value=""></Setting>
            <Setting name="NoActiveDir" value="1"></Setting>
       </Section>
       <Section name="Wrkstn_AlertAdditional">
            <Setting name="SuppressAlertsBelow" value="1"></Setting>
            <Setting name="bLocalEventLog" value="1"></Setting>
            <Setting name="bSendSNMP" value="0"></Setting>
       </Section>
    </EPOPolicySettings>
	<EPOPolicySettings featureid="VIRUSCAN8800" categoryid="VSC700_Interface_Policies" typeid="VSC700_Interface_Policies" name="McAfee Default">
       <Section name="Server_UIOptions">
            <Setting name="dwUIMode" value="0"></Setting>
            <Setting name="bAllowRemote" value="1"></Setting>
            <Setting name="bDisplayEpoTasks" value="0"></Setting>
            <Setting name="bEnableTalkback" value="0"></Setting>
            <Setting name="bDisableDefaultTask" value="0"></Setting>
            <Setting name="bSkipSplash" value="0"></Setting>
            <Setting name="PreferredLanguage" value=""></Setting>
            <Setting name="HelpFileDownload" value=""></Setting>
       </Section>
       <Section name="Server_UIPOptions">
            <Setting name="UIP" value=""></Setting>
            <Setting name="UIPEx" value=""></Setting>
            <Setting name="UIPPages" value="000000000000000000000000000000000000000000000000000000"></Setting>
            <Setting name="UIPMode" value="0"></Setting>
            <Setting name="UseUTF8" value="1"></Setting>
       </Section>
       <Section name="Server_Global_Settings">
            <Setting name="DisablePersistentCache" value="0"></Setting>
            <Setting name="bODSUseCache" value="1"></Setting>
            <Setting name="ArtemisLookupEnable" value="1"></Setting>
            <Setting name="ArtemisServerDomainName" value="avqs.mcafee.com"></Setting>
       </Section>
        <Section name="Server_Enable_logging">
            <Setting name="bEnableLogging" value="0"></Setting>
            <Setting name="dwLogLevel" value=""></Setting>
        </Section>

       <Section name="Wrkstn_UIOptions">
            <Setting name="dwUIMode" value="0"></Setting>
            <Setting name="bAllowRemote" value="1"></Setting>
            <Setting name="bDisplayEpoTasks" value="0"></Setting>
            <Setting name="bEnableTalkback" value="0"></Setting>
            <Setting name="bDisableDefaultTask" value="0"></Setting>
            <Setting name="bSkipSplash" value="0"></Setting>
            <Setting name="PreferredLanguage" value=""></Setting>
            <Setting name="HelpFileDownload" value=""></Setting>
       </Section>
       <Section name="Wrkstn_UIPOptions">
            <Setting name="UIP" value=""></Setting>
            <Setting name="UIPEx" value=""></Setting>
            <Setting name="UIPPages" value="000000000000000000000000000000000000000000000000000000"></Setting>
            <Setting name="UIPMode" value="0"></Setting>
            <Setting name="UseUTF8" value="1"></Setting>
       </Section>
       <Section name="Wrkstn_Global_Settings">
            <Setting name="DisablePersistentCache" value="0"></Setting>
            <Setting name="bODSUseCache" value="1"></Setting>
            <Setting name="ArtemisLookupEnable" value="1"></Setting>
            <Setting name="ArtemisServerDomainName" value="avqs.mcafee.com"></Setting>
       </Section>
        <Section name="Wrkstn_Enable_logging">
            <Setting name="bEnableLogging" value="0"></Setting>
            <Setting name="dwLogLevel" value=""></Setting>
        </Section>
    </EPOPolicySettings>
	<EPOPolicySettings featureid="VIRUSCAN8800" categoryid="VSC700_TrustedScan_Policies" typeid="VSC700_TrustedScan_Policies" name="McAfee Default">
       <Section name="Server_Trusted-Application">
            <Setting name="dwApplicationCount" value="4"></Setting>
            <Setting name="szApplicationItem_0" value="Aexauditpls.exe"></Setting>
            <Setting name="szApplicationItem_1" value="Aexnsclient.exe"></Setting>
            <Setting name="szApplicationItem_2" value="Aexnsclienttransport.exe"></Setting>
            <Setting name="szApplicationItem_3" value="Aexnswdusr.exe"></Setting>
       </Section>
       <Section name="Server_Trusted-Detection">
            <Setting name="bScanIncoming" value="1"></Setting>
            <Setting name="bScanOutgoing" value="1"></Setting>
            <Setting name="bNetworkScanEnabled" value="0"></Setting>
            <Setting name="LocalExtensionMode" value="1"></Setting>
            <Setting name="NetworkExtensionMode" value="1"></Setting>
            <Setting name="szProgExts" value=""></Setting>
            <Setting name="szIncludeExts" value=""></Setting>
       </Section>
       <Section name="Server_Trusted-Advanced">
            <Setting name="dwProgramHeuristicsLevel" value="0"></Setting>
            <Setting name="dwMacroHeuristicsLevel" value="0"></Setting>
            <Setting name="ScanArchives" value="0"></Setting>
            <Setting name="ScanMime" value="0"></Setting>
            <Setting name="ScanBackupReads" value="1"></Setting>
       </Section>
       <Section name="Server_Trusted-Action">
            <Setting name="uAction" value="5"></Setting>
            <Setting name="uSecAction" value="4"></Setting>
       </Section>
       <Section name="Server_Trusted-Exclusions">
            <Setting name="dwExclusionCount" value="0"></Setting>
            <Setting name="bAppendExclusions" value="0"></Setting>
       </Section>
       <Section name="Server_Trusted-Spyware">
            <Setting name="ApplyNVP" value="1"></Setting>
            <Setting name="uAction_Program" value="5"></Setting>
            <Setting name="uSecAction_Program" value="4"></Setting>
       </Section>
       <Section name="Wrkstn_Trusted-Application">
            <Setting name="dwApplicationCount" value="4"></Setting>
            <Setting name="szApplicationItem_0" value="Aexauditpls.exe"></Setting>
            <Setting name="szApplicationItem_1" value="Aexnsclient.exe"></Setting>
            <Setting name="szApplicationItem_2" value="Aexnsclienttransport.exe"></Setting>
            <Setting name="szApplicationItem_3" value="Aexnswdusr.exe"></Setting>
       </Section>
       <Section name="Wrkstn_Trusted-Detection">
            <Setting name="bScanIncoming" value="1"></Setting>
            <Setting name="bScanOutgoing" value="1"></Setting>
            <Setting name="bNetworkScanEnabled" value="0"></Setting>
            <Setting name="LocalExtensionMode" value="1"></Setting>
            <Setting name="NetworkExtensionMode" value="1"></Setting>
            <Setting name="szProgExts" value=""></Setting>
            <Setting name="szIncludeExts" value=""></Setting>
       </Section>
       <Section name="Wrkstn_Trusted-Advanced">
            <Setting name="dwProgramHeuristicsLevel" value="0"></Setting>
            <Setting name="dwMacroHeuristicsLevel" value="0"></Setting>
            <Setting name="ScanArchives" value="0"></Setting>
            <Setting name="ScanMime" value="0"></Setting>
            <Setting name="ScanBackupReads" value="1"></Setting>
       </Section>
       <Section name="Wrkstn_Trusted-Action">
            <Setting name="uAction" value="5"></Setting>
            <Setting name="uSecAction" value="4"></Setting>
       </Section>
       <Section name="Wrkstn_Trusted-Exclusions">
            <Setting name="dwExclusionCount" value="0"></Setting>
            <Setting name="bAppendExclusions" value="0"></Setting>
       </Section>
       <Section name="Wrkstn_Trusted-Spyware">
            <Setting name="ApplyNVP" value="1"></Setting>
            <Setting name="uAction_Program" value="5"></Setting>
            <Setting name="uSecAction_Program" value="4"></Setting>
       </Section>
	</EPOPolicySettings>
	<EPOPolicySettings featureid="VIRUSCAN8800" categoryid="VSC700_UntrustedScan_Policies" typeid="VSC700_UntrustedScan_Policies" name="McAfee Default">
       <Section name="Server_Untrusted-Application">
            <Setting name="dwApplicationCount" value="42"></Setting>
            <Setting name="szApplicationItem_0" value="4nt.exe"></Setting>
            <Setting name="szApplicationItem_1" value="agent.exe"></Setting>
            <Setting name="szApplicationItem_2" value="aim.exe"></Setting>
            <Setting name="szApplicationItem_3" value="bearshare.exe"></Setting>
            <Setting name="szApplicationItem_4" value="Cmd.Exe"></Setting>
            <Setting name="szApplicationItem_5" value="cscript.exe"></Setting>
            <Setting name="szApplicationItem_6" value="eudora.exe"></Setting>
            <Setting name="szApplicationItem_7" value="Excel.exe"></Setting>
            <Setting name="szApplicationItem_8" value="Explorer.exe"></Setting>
            <Setting name="szApplicationItem_9" value="FileNavigator.exe"></Setting>
            <Setting name="szApplicationItem_10" value="ftp.exe"></Setting>
            <Setting name="szApplicationItem_11" value="gdonkey.exe"></Setting>
            <Setting name="szApplicationItem_12" value="gnucleus.exe"></Setting>
            <Setting name="szApplicationItem_13" value="ICQ.exe"></Setting>
            <Setting name="szApplicationItem_14" value="Iexplore.exe"></Setting>
            <Setting name="szApplicationItem_15" value="inetinfo.exe"></Setting>
            <Setting name="szApplicationItem_16" value="mirc.exe"></Setting>
            <Setting name="szApplicationItem_17" value="mobsync.exe"></Setting>
            <Setting name="szApplicationItem_18" value="mosaic.exe"></Setting>
            <Setting name="szApplicationItem_19" value="mozilla.exe"></Setting>
            <Setting name="szApplicationItem_20" value="MsAccess.exe"></Setting>
            <Setting name="szApplicationItem_21" value="MsImn.exe"></Setting>
            <Setting name="szApplicationItem_22" value="msmsgs.exe"></Setting>
            <Setting name="szApplicationItem_23" value="msn6.exe"></Setting>
            <Setting name="szApplicationItem_24" value="neo20.exe"></Setting>
            <Setting name="szApplicationItem_25" value="netscape.Exe"></Setting>
            <Setting name="szApplicationItem_26" value="netscp6.exe"></Setting>
            <Setting name="szApplicationItem_27" value="Outlook.exe"></Setting>
            <Setting name="szApplicationItem_28" value="opera.exe"></Setting>
            <Setting name="szApplicationItem_29" value="PowerPnt.exe"></Setting>
            <Setting name="szApplicationItem_30" value="powershell.exe"></Setting>
            <Setting name="szApplicationItem_31" value="tftp.exe"></Setting>
            <Setting name="szApplicationItem_32" value="Visio32.exe"></Setting>
            <Setting name="szApplicationItem_33" value="waol.exe"></Setting>
            <Setting name="szApplicationItem_34" value="WinPM-32.exe"></Setting>
            <Setting name="szApplicationItem_35" value="WinWord.Exe"></Setting>
            <Setting name="szApplicationItem_36" value="ws_ftp.exe"></Setting>
            <Setting name="szApplicationItem_37" value="wscript.exe"></Setting>
            <Setting name="szApplicationItem_38" value="wuauclt.exe"></Setting>
            <Setting name="szApplicationItem_39" value="xolox.exe"></Setting>
            <Setting name="szApplicationItem_40" value="ypager.exe"></Setting>
            <Setting name="szApplicationItem_41" value="yupdate.exe"></Setting>
       </Section>
       <Section name="Server_Untrusted-Detection">
            <Setting name="bScanIncoming" value="1"></Setting>
            <Setting name="bScanOutgoing" value="1"></Setting>
            <Setting name="bNetworkScanEnabled" value="0"></Setting>
            <Setting name="LocalExtensionMode" value="1"></Setting>
            <Setting name="NetworkExtensionMode" value="1"></Setting>
            <Setting name="szProgExts" value=""></Setting>
            <Setting name="szIncludeExts" value=""></Setting>
       </Section>
       <Section name="Server_Untrusted-Advanced">
            <Setting name="dwProgramHeuristicsLevel" value="1"></Setting>
            <Setting name="dwMacroHeuristicsLevel" value="1"></Setting>
            <Setting name="ScanArchives" value="1"></Setting>
            <Setting name="ScanMime" value="0"></Setting>
            <Setting name="ScanBackupReads" value="1"></Setting>
       </Section>
       <Section name="Server_Untrusted-Action">
            <Setting name="uAction" value="5"></Setting>
            <Setting name="uSecAction" value="4"></Setting>
       </Section>
       <Section name="Server_Untrusted-Exclusions">
            <Setting name="dwExclusionCount" value="0"></Setting>
            <Setting name="bAppendExclusions" value="0"></Setting>
       </Section>
       <Section name="Server_Untrusted-Spyware">
            <Setting name="ApplyNVP" value="1"></Setting>
            <Setting name="uAction_Program" value="5"></Setting>
            <Setting name="uSecAction_Program" value="4"></Setting>
       </Section>
       <Section name="Wrkstn_Untrusted-Application">
            <Setting name="dwApplicationCount" value="42"></Setting>
            <Setting name="szApplicationItem_0" value="4nt.exe"></Setting>
            <Setting name="szApplicationItem_1" value="agent.exe"></Setting>
            <Setting name="szApplicationItem_2" value="aim.exe"></Setting>
            <Setting name="szApplicationItem_3" value="bearshare.exe"></Setting>
            <Setting name="szApplicationItem_4" value="Cmd.Exe"></Setting>
            <Setting name="szApplicationItem_5" value="cscript.exe"></Setting>
            <Setting name="szApplicationItem_6" value="eudora.exe"></Setting>
            <Setting name="szApplicationItem_7" value="Excel.exe"></Setting>
            <Setting name="szApplicationItem_8" value="Explorer.exe"></Setting>
            <Setting name="szApplicationItem_9" value="FileNavigator.exe"></Setting>
            <Setting name="szApplicationItem_10" value="ftp.exe"></Setting>
            <Setting name="szApplicationItem_11" value="gdonkey.exe"></Setting>
            <Setting name="szApplicationItem_12" value="gnucleus.exe"></Setting>
            <Setting name="szApplicationItem_13" value="ICQ.exe"></Setting>
            <Setting name="szApplicationItem_14" value="Iexplore.exe"></Setting>
            <Setting name="szApplicationItem_15" value="inetinfo.exe"></Setting>
            <Setting name="szApplicationItem_16" value="mirc.exe"></Setting>
            <Setting name="szApplicationItem_17" value="mobsync.exe"></Setting>
            <Setting name="szApplicationItem_18" value="mosaic.exe"></Setting>
            <Setting name="szApplicationItem_19" value="mozilla.exe"></Setting>
            <Setting name="szApplicationItem_20" value="MsAccess.exe"></Setting>
            <Setting name="szApplicationItem_21" value="MsImn.exe"></Setting>
            <Setting name="szApplicationItem_22" value="msmsgs.exe"></Setting>
            <Setting name="szApplicationItem_23" value="msn6.exe"></Setting>
            <Setting name="szApplicationItem_24" value="neo20.exe"></Setting>
            <Setting name="szApplicationItem_25" value="netscape.Exe"></Setting>
            <Setting name="szApplicationItem_26" value="netscp6.exe"></Setting>
            <Setting name="szApplicationItem_27" value="Outlook.exe"></Setting>
            <Setting name="szApplicationItem_28" value="opera.exe"></Setting>
            <Setting name="szApplicationItem_29" value="PowerPnt.exe"></Setting>
            <Setting name="szApplicationItem_30" value="powershell.exe"></Setting>
            <Setting name="szApplicationItem_31" value="tftp.exe"></Setting>
            <Setting name="szApplicationItem_32" value="Visio32.exe"></Setting>
            <Setting name="szApplicationItem_33" value="waol.exe"></Setting>
            <Setting name="szApplicationItem_34" value="WinPM-32.exe"></Setting>
            <Setting name="szApplicationItem_35" value="WinWord.Exe"></Setting>
            <Setting name="szApplicationItem_36" value="ws_ftp.exe"></Setting>
            <Setting name="szApplicationItem_37" value="wscript.exe"></Setting>
            <Setting name="szApplicationItem_38" value="wuauclt.exe"></Setting>
            <Setting name="szApplicationItem_39" value="xolox.exe"></Setting>
            <Setting name="szApplicationItem_40" value="ypager.exe"></Setting>
            <Setting name="szApplicationItem_41" value="yupdate.exe"></Setting>
       </Section>
       <Section name="Wrkstn_Untrusted-Detection">
            <Setting name="bScanIncoming" value="1"></Setting>
            <Setting name="bScanOutgoing" value="1"></Setting>
            <Setting name="bNetworkScanEnabled" value="0"></Setting>
            <Setting name="LocalExtensionMode" value="1"></Setting>
            <Setting name="NetworkExtensionMode" value="1"></Setting>
            <Setting name="szProgExts" value=""></Setting>
            <Setting name="szIncludeExts" value=""></Setting>
       </Section>
       <Section name="Wrkstn_Untrusted-Advanced">
            <Setting name="dwProgramHeuristicsLevel" value="1"></Setting>
            <Setting name="dwMacroHeuristicsLevel" value="1"></Setting>
            <Setting name="ScanArchives" value="1"></Setting>
            <Setting name="ScanMime" value="0"></Setting>
            <Setting name="ScanBackupReads" value="1"></Setting>
       </Section>
       <Section name="Wrkstn_Untrusted-Action">
            <Setting name="uAction" value="5"></Setting>
            <Setting name="uSecAction" value="4"></Setting>
       </Section>
       <Section name="Wrkstn_Untrusted-Exclusions">
            <Setting name="dwExclusionCount" value="0"></Setting>
            <Setting name="bAppendExclusions" value="0"></Setting>
       </Section>
       <Section name="Wrkstn_Untrusted-Spyware">
            <Setting name="ApplyNVP" value="1"></Setting>
            <Setting name="uAction_Program" value="5"></Setting>
            <Setting name="uSecAction_Program" value="4"></Setting>
       </Section>
	</EPOPolicySettings>
	<EPOPolicySettings featureid="VIRUSCAN8800" categoryid="VSC700_DefaultScan_Policies" typeid="VSC700_DefaultScan_Policies" name="McAfee Default">
       <Section name="Server_Default-Scan">
            <Setting name="bScanIncoming" value="1"></Setting>
            <Setting name="bScanOutgoing" value="1"></Setting>
            <Setting name="bNetworkScanEnabled" value="1"></Setting>
       </Section>
       <Section name="Server_Default-Application">
            <Setting name="OnlyUseDefaultConfig" value="1"></Setting>
       </Section>
       <Section name="Server_Default-Detection">
            <Setting name="bScanIncoming" value="1"></Setting>
            <Setting name="bScanOutgoing" value="1"></Setting>
            <Setting name="bNetworkScanEnabled" value="0"></Setting>
            <Setting name="LocalExtensionMode" value="1"></Setting>
            <Setting name="NetworkExtensionMode" value="1"></Setting>
            <Setting name="szProgExts" value=""></Setting>
            <Setting name="szIncludeExts" value=""></Setting>
       </Section>
       <Section name="Server_Default-Advanced">
            <Setting name="dwProgramHeuristicsLevel" value="1"></Setting>
            <Setting name="dwMacroHeuristicsLevel" value="1"></Setting>
            <Setting name="ScanArchives" value="0"></Setting>
            <Setting name="ScanMime" value="0"></Setting>
            <Setting name="ScanBackupReads" value="1"></Setting>
       </Section>
       <Section name="Server_Default-Action">
            <Setting name="uAction" value="5"></Setting>
            <Setting name="uSecAction" value="4"></Setting>
       </Section>
       <Section name="Server_Default-Exclusions">
            <Setting name="dwExclusionCount" value="0"></Setting>
            <Setting name="bAppendExclusions" value="0"></Setting>
       </Section>
       <Section name="Server_Default-Spyware">
            <Setting name="ApplyNVP" value="1"></Setting>
            <Setting name="uAction_Program" value="5"></Setting>
            <Setting name="uSecAction_Program" value="4"></Setting>
       </Section>
       <Section name="Wrkstn_Default-Scan">
            <Setting name="bScanIncoming" value="1"></Setting>
            <Setting name="bScanOutgoing" value="1"></Setting>
            <Setting name="bNetworkScanEnabled" value="1"></Setting>
       </Section>
       <Section name="Wrkstn_Default-Application">
            <Setting name="OnlyUseDefaultConfig" value="1"></Setting>
       </Section>
       <Section name="Wrkstn_Default-Detection">
            <Setting name="bScanIncoming" value="1"></Setting>
            <Setting name="bScanOutgoing" value="1"></Setting>
            <Setting name="bNetworkScanEnabled" value="0"></Setting>
            <Setting name="LocalExtensionMode" value="1"></Setting>
            <Setting name="NetworkExtensionMode" value="1"></Setting>
            <Setting name="szProgExts" value=""></Setting>
            <Setting name="szIncludeExts" value=""></Setting>
       </Section>
       <Section name="Wrkstn_Default-Advanced">
            <Setting name="dwProgramHeuristicsLevel" value="1"></Setting>
            <Setting name="dwMacroHeuristicsLevel" value="1"></Setting>
            <Setting name="ScanArchives" value="0"></Setting>
            <Setting name="ScanMime" value="0"></Setting>
            <Setting name="ScanBackupReads" value="1"></Setting>
       </Section>
       <Section name="Wrkstn_Default-Action">
            <Setting name="uAction" value="5"></Setting>
            <Setting name="uSecAction" value="4"></Setting>
       </Section>
       <Section name="Wrkstn_Default-Exclusions">
            <Setting name="dwExclusionCount" value="0"></Setting>
            <Setting name="bAppendExclusions" value="0"></Setting>
       </Section>
       <Section name="Wrkstn_Default-Spyware">
            <Setting name="ApplyNVP" value="1"></Setting>
            <Setting name="uAction_Program" value="5"></Setting>
            <Setting name="uSecAction_Program" value="4"></Setting>
       </Section>
    </EPOPolicySettings>
	<EPOPolicySettings featureid="VIRUSCAN8800" categoryid="VSC700_EmailScan_Policies" typeid="VSC700_EmailScan_Policies" name="McAfee Default">
       <Section name="Server_EmailDetection">
            <Setting name="bEnabled" value="1"></Setting>
            <Setting name="ExtensionMode" value="1"></Setting>
            <Setting name="szProgramExtensions" value=""></Setting>
            <Setting name="szDefaultPlusExtensions" value=""></Setting>
            <Setting name="dwHeuristicNetCheckSensitivity" value="2"></Setting>
       </Section>
       <Section name="Server_EmailAdvanced">
            <Setting name="dwMacroHeuristicsLevel" value="1"></Setting>
            <Setting name="dwProgramHeuristicsLevel" value="1"></Setting>
            <Setting name="MultipleExtensionsHeuristic" value="0"></Setting>
            <Setting name="ScanArchives" value="1"></Setting>
            <Setting name="ScanMime" value="1"></Setting>
            <Setting name="ScanMessageBodies" value="1"></Setting>
       </Section>
       <Section name="Server_EmailAction">
            <Setting name="uAction" value="5"></Setting>
            <Setting name="szMoveFolder" value="Quarantine"></Setting>
            <Setting name="uSecAction" value="3"></Setting>
            <Setting name="dwPromptButton" value="63"></Setting>
       </Section>
       <Section name="Server_EmailAlert">
            <Setting name="bNetworkAlert" value="0"></Setting>
            <Setting name="bSendMailToUser" value="0"></Setting>
            <Setting name="szSendBody" value=""></Setting>
            <Setting name="szSendSubject" value=""></Setting>
            <Setting name="szSendTo" value=""></Setting>
            <Setting name="szSendCc" value=""></Setting>
            <Setting name="bDisplayMessage" value="1"></Setting>
            <Setting name="szCustomMessage" value="McAfee VirusScan Enterprise Email Scanner: Alert!"></Setting>
       </Section>
       <Section name="Server_EmailSpyware">
            <Setting name="ApplyNVP" value="1"></Setting>
            <Setting name="uAction_Program" value="5"></Setting>
            <Setting name="uSecAction_Program" value="3"></Setting>
       </Section>
       <Section name="Server_EmailReport">
            <Setting name="bLogToFile" value="1"></Setting>
            <Setting name="szLogFileName" value="%DEFLOGDIR%\EmailOnDeliveryLog.txt"></Setting>
            <Setting name="bLimitSize" value="1"></Setting>
            <Setting name="dwMaxLogSizeMB" value="1"></Setting>
            <Setting name="dwLogEvent" value="480"></Setting>
            <Setting name="LogFileFormat" value="1"></Setting>
       </Section>
       <Section name="Server_EmailNotes">
            <Setting name="NOTES_OAScanServerDataBases" value="0"></Setting>
            <Setting name="NOTES_OAScanServerMail" value="1"></Setting>
            <Setting name="NOTES_ServerMailFolder" value="!!mail\"></Setting>
            <Setting name="NOTES_szNotesAppsToExclude" value=""></Setting>
       </Section>
       <Section name="Wrkstn_EmailDetection">
            <Setting name="bEnabled" value="1"></Setting>
            <Setting name="ExtensionMode" value="1"></Setting>
            <Setting name="szProgramExtensions" value=""></Setting>
            <Setting name="szDefaultPlusExtensions" value=""></Setting>
            <Setting name="dwHeuristicNetCheckSensitivity" value="2"></Setting>
       </Section>
       <Section name="Wrkstn_EmailAdvanced">
            <Setting name="dwMacroHeuristicsLevel" value="1"></Setting>
            <Setting name="dwProgramHeuristicsLevel" value="1"></Setting>
            <Setting name="MultipleExtensionsHeuristic" value="0"></Setting>
            <Setting name="ScanArchives" value="1"></Setting>
            <Setting name="ScanMime" value="1"></Setting>
            <Setting name="ScanMessageBodies" value="1"></Setting>
       </Section>
       <Section name="Wrkstn_EmailAction">
            <Setting name="uAction" value="5"></Setting>
            <Setting name="szMoveFolder" value="Quarantine"></Setting>
            <Setting name="uSecAction" value="3"></Setting>
            <Setting name="dwPromptButton" value="63"></Setting>
       </Section>
       <Section name="Wrkstn_EmailAlert">
            <Setting name="bNetworkAlert" value="0"></Setting>
            <Setting name="bSendMailToUser" value="0"></Setting>
            <Setting name="szSendBody" value=""></Setting>
            <Setting name="szSendSubject" value=""></Setting>
            <Setting name="szSendTo" value=""></Setting>
            <Setting name="szSendCc" value=""></Setting>
            <Setting name="bDisplayMessage" value="1"></Setting>
            <Setting name="szCustomMessage" value="McAfee VirusScan Enterprise Email Scanner: Alert!"></Setting>
       </Section>
       <Section name="Wrkstn_EmailSpyware">
            <Setting name="ApplyNVP" value="1"></Setting>
            <Setting name="uAction_Program" value="5"></Setting>
            <Setting name="uSecAction_Program" value="3"></Setting>
       </Section>
       <Section name="Wrkstn_EmailReport">
            <Setting name="bLogToFile" value="1"></Setting>
            <Setting name="szLogFileName" value="%DEFLOGDIR%\EmailOnDeliveryLog.txt"></Setting>
            <Setting name="bLimitSize" value="1"></Setting>
            <Setting name="dwMaxLogSizeMB" value="1"></Setting>
            <Setting name="dwLogEvent" value="480"></Setting>
            <Setting name="LogFileFormat" value="1"></Setting>
       </Section>
       <Section name="Wrkstn_EmailNotes">
            <Setting name="NOTES_OAScanServerDataBases" value="0"></Setting>
            <Setting name="NOTES_OAScanServerMail" value="1"></Setting>
            <Setting name="NOTES_ServerMailFolder" value="!!mail\"></Setting>
            <Setting name="NOTES_szNotesAppsToExclude" value=""></Setting>
       </Section>
    </EPOPolicySettings>
	<EPOPolicySettings featureid="VIRUSCAN8800" categoryid="VSC700_BufferOverflow_Policies" typeid="VSC700_BufferOverflow_Policies" name="McAfee Default">
       <Section name="Server_BehaviorBlockEnt">
            <Setting name="EnterceptEnabled" value="1"></Setting>
            <Setting name="EnterceptShowMessages" value="1"></Setting>
            <Setting name="EnterceptMode" value="1"></Setting>
            <Setting name="AdvancedExclusions" value="0"></Setting>
       </Section>
       <Section name="Server_EntExclItems">
            <Setting name="dwEntExclItemCount" value="0"></Setting>
       </Section>
       <Section name="Server_EntReports">
            <Setting name="bLogToFile_Ent" value="1"></Setting>
            <Setting name="szLogFileName_Ent" value="%DEFLOGDIR%\BufferOverflowProtectionLog.txt"></Setting>
            <Setting name="bLimitSize_Ent" value="1"></Setting>
            <Setting name="dwMaxLogSizeMB_Ent" value="1"></Setting>
            <Setting name="LogFileFormat_Ent" value="1"></Setting>
       </Section>
       <Section name="Wrkstn_BehaviorBlockEnt">
            <Setting name="EnterceptEnabled" value="1"></Setting>
            <Setting name="EnterceptShowMessages" value="1"></Setting>
            <Setting name="EnterceptMode" value="1"></Setting>
            <Setting name="AdvancedExclusions" value="0"></Setting>
       </Section>
       <Section name="Wrkstn_EntExclItems">
            <Setting name="dwEntExclItemCount" value="0"></Setting>
       </Section>
       <Section name="Wrkstn_EntReports">
            <Setting name="bLogToFile_Ent" value="1"></Setting>
            <Setting name="szLogFileName_Ent" value="%DEFLOGDIR%\BufferOverflowProtectionLog.txt"></Setting>
            <Setting name="bLimitSize_Ent" value="1"></Setting>
            <Setting name="dwMaxLogSizeMB_Ent" value="1"></Setting>
            <Setting name="LogFileFormat_Ent" value="1"></Setting>
       </Section>
	</EPOPolicySettings>
	<EPOPolicySettings featureid="VIRUSCAN8800" categoryid="VSC700_BehaviorBlock_Policies" typeid="VSC700_BehaviorBlock_Policies" name="McAfee Default">
       <Section name="Server_BehaviorBlockAP">
            <Setting name="APEnabled" value="1"></Setting>
            <Setting name="PVSPTEnabled" value="1"></Setting>
            <Setting name="EnhancedSPEnabled" value="1"></Setting>
       </Section>
       <Section name="Server_APRules">
            <Setting name="dwAPRuleBlocks" value="0"></Setting>
       </Section>
       <Section name="Server_BehaviorBlockReports">
            <Setting name="bLogToFile" value="1"></Setting>
            <Setting name="szLogFileName" value="%DEFLOGDIR%\AccessProtectionLog.txt"></Setting>
            <Setting name="bLimitSize" value="1"></Setting>
            <Setting name="dwMaxLogSizeMB" value="1"></Setting>
            <Setting name="LogFileFormat" value="1"></Setting>
       </Section>
       <Section name="Wrkstn_BehaviorBlockAP">
            <Setting name="APEnabled" value="1"></Setting>
            <Setting name="PVSPTEnabled" value="1"></Setting>
            <Setting name="EnhancedSPEnabled" value="1"></Setting>
       </Section>
       <Section name="Wrkstn_APRules">
            <Setting name="dwAPRuleBlocks" value="0"></Setting>
       </Section>
       <Section name="Wrkstn_BehaviorBlockReports">
            <Setting name="bLogToFile" value="1"></Setting>
            <Setting name="szLogFileName" value="%DEFLOGDIR%\AccessProtectionLog.txt"></Setting>
            <Setting name="bLimitSize" value="1"></Setting>
            <Setting name="dwMaxLogSizeMB" value="1"></Setting>
            <Setting name="LogFileFormat" value="1"></Setting>
       </Section>
    </EPOPolicySettings>
	<EPOPolicySettings featureid="VIRUSCAN8800" categoryid="VSC700_NonVirus_Policies" typeid="VSC700_NonVirus_Policies" name="McAfee Default">
       <Section name="Server_DATDetections">
            <Setting name="DetectSpyware" value="1"></Setting>
            <Setting name="DetectAdware" value="1"></Setting>
            <Setting name="DetectRemoteAdminTools" value="1"></Setting>
            <Setting name="DetectDialers" value="1"></Setting>
            <Setting name="DetectPasswordCrackers" value="1"></Setting>
            <Setting name="DetectJokes" value="1"></Setting>
            <Setting name="DetectKeyLoggers" value="1"></Setting>
            <Setting name="DetectPotentiallyUnwantedApps" value="1"></Setting>
       </Section>
       <Section name="Server_SpyExclItems">
            <Setting name="dwSpywareExclCount" value="0"></Setting>
       </Section>
       <Section name="Server_UserDetections">
            <Setting name="Test123" value="0"></Setting>
       </Section>
       <Section name="Server_DetectionItems">
            <Setting name="dwDetectionItemCount" value="0"></Setting>
       </Section>
       <Section name="Wrkstn_DATDetections">
            <Setting name="DetectSpyware" value="1"></Setting>
            <Setting name="DetectAdware" value="1"></Setting>
            <Setting name="DetectRemoteAdminTools" value="1"></Setting>
            <Setting name="DetectDialers" value="1"></Setting>
            <Setting name="DetectPasswordCrackers" value="1"></Setting>
            <Setting name="DetectJokes" value="1"></Setting>
            <Setting name="DetectKeyLoggers" value="1"></Setting>
            <Setting name="DetectPotentiallyUnwantedApps" value="1"></Setting>
       </Section>
       <Section name="Wrkstn_SpyExclItems">
            <Setting name="dwSpywareExclCount" value="0"></Setting>
       </Section>
       <Section name="Wrkstn_UserDetections">
            <Setting name="Test123" value="0"></Setting>
       </Section>
       <Section name="Wrkstn_DetectionItems">
            <Setting name="dwDetectionItemCount" value="0"></Setting>
       </Section>
    </EPOPolicySettings>
    <EPOPolicySettings featureid="VIRUSCAN8800" categoryid="VSC700_Quarantine_Policies" typeid="VSC700_Quarantine_Policies" name="McAfee Default">
        <Section name="Server_QuarantinePolicy">
            <Setting name="QuarantineDirectory" value="&lt;SYSTEM_DRIVE&gt;\Quarantine"></Setting>
            <Setting name="QuarantineAge" value="28"></Setting>
       </Section>
       <Section name="Wrkstn_QuarantinePolicy">
            <Setting name="QuarantineDirectory" value="&lt;SYSTEM_DRIVE&gt;\Quarantine"></Setting>
            <Setting name="QuarantineAge" value="28"></Setting>
       </Section>
    </EPOPolicySettings>
	<EPOPolicyObject featureid="VIRUSCAN8800" categoryid="VSC700_General_Policies" typeid="VSC700_General_Policies" name="McAfee Default" isdefault="true">
		<PolicySettings>McAfee Default</PolicySettings>
	</EPOPolicyObject>
	<EPOPolicyObject featureid="VIRUSCAN8800" categoryid="VSC700_DefaultScan_Policies" typeid="VSC700_DefaultScan_Policies" name="McAfee Default" isdefault="true">
		<PolicySettings>McAfee Default</PolicySettings>
	</EPOPolicyObject>
	<EPOPolicyObject featureid="VIRUSCAN8800" categoryid="VSC700_TrustedScan_Policies" typeid="VSC700_TrustedScan_Policies" name="McAfee Default" isdefault="true">
		<PolicySettings>McAfee Default</PolicySettings>
	</EPOPolicyObject>
	<EPOPolicyObject featureid="VIRUSCAN8800" categoryid="VSC700_UntrustedScan_Policies" typeid="VSC700_UntrustedScan_Policies" name="McAfee Default" isdefault="true">
		<PolicySettings>McAfee Default</PolicySettings>
	</EPOPolicyObject>
	<EPOPolicyObject featureid="VIRUSCAN8800" categoryid="VSC700_EmailScan_Policies" typeid="VSC700_EmailScan_Policies" name="McAfee Default" isdefault="true">
		<PolicySettings>McAfee Default</PolicySettings>
	</EPOPolicyObject>
	<EPOPolicyObject featureid="VIRUSCAN8800" categoryid="VSC700_Interface_Policies" typeid="VSC700_Interface_Policies" name="McAfee Default" isdefault="true">
		<PolicySettings>McAfee Default</PolicySettings>
	</EPOPolicyObject>
	<EPOPolicyObject featureid="VIRUSCAN8800" categoryid="VSC700_Alert_Policies" typeid="VSC700_Alert_Policies" name="McAfee Default" isdefault="true">
		<PolicySettings>McAfee Default</PolicySettings>
	</EPOPolicyObject>
	<EPOPolicyObject featureid="VIRUSCAN8800" categoryid="VSC700_BehaviorBlock_Policies" typeid="VSC700_BehaviorBlock_Policies" name="McAfee Default" isdefault="true">
		<PolicySettings>McAfee Default</PolicySettings>
	</EPOPolicyObject>
	<EPOPolicyObject featureid="VIRUSCAN8800" categoryid="VSC700_BufferOverflow_Policies" typeid="VSC700_BufferOverflow_Policies" name="McAfee Default" isdefault="true">
		<PolicySettings>McAfee Default</PolicySettings>
	</EPOPolicyObject>
	<EPOPolicyObject featureid="VIRUSCAN8800" categoryid="VSC700_NonVirus_Policies" typeid="VSC700_NonVirus_Policies" name="McAfee Default" isdefault="true">
		<PolicySettings>McAfee Default</PolicySettings>
	</EPOPolicyObject>
	<EPOPolicyObject featureid="VIRUSCAN8800" categoryid="VSC700_Quarantine_Policies" typeid="VSC700_Quarantine_Policies" name="McAfee Default" isdefault="true">
		<PolicySettings>McAfee Default</PolicySettings>
	</EPOPolicyObject>
</epo:EPOPolicySchema>
